user_id,firstName,lastName,email,membershipType,accountStatus,lastLogin,gender,dateOfBirth,phoneNumber,streetAddress
C001,Alma Mosciski,Mr. Owen Schneider,Wyman_Bins99@hotmail.com,basic,suspended,2025-11-20T19:21:17.674+00:00,female,2026-02-24T12:26:13.554+00:00,abscido volupta,2121 Bode Ville
C002,Eva Runte,Marjorie Turcotte,Mortimer22@hotmail.com,basic,inactive,2025-09-04T18:22:24.095+00:00,female,2025-11-02T23:08:57.469+00:00,decerno capio s,60275 Lesch Spurs
C003,Madeline Powlowski,Dominic Bradtke,Cindy.Lindgren14@hotmail.com,basic,inactive,2025-11-24T21:15:30.117+00:00,other,2025-06-13T07:36:02.249+00:00,patruus timor,997 Hilll Pines
C004,Kelli Zboncak,Rochelle Thiel IV,Creola.Larkin@yahoo.com,basic,active,2025-09-18T02:44:32.857+00:00,other,2025-12-31T21:21:34.756+00:00,porro admitto s,138 Columbia Avenue
C005,Bobby Satterfield Sr.,Miss Jenna Miller,Eduardo.Davis48@yahoo.com,vip,suspended,2025-05-13T08:38:16.985+00:00,female,2025-04-17T20:27:21.238+00:00,antiquus combib,155 Bailey Lake
C006,Edmund Wilkinson,Jacqueline Conn,Stella68@yahoo.com,basic,active,2025-12-28T00:28:34.588+00:00,male,2025-03-17T09:02:21.510+00:00,vilitas cursus ,926 Stroman Street
C007,Marlon Johns,Shelley Lindgren,Rosa.Flatley@hotmail.com,premium,suspended,2025-08-12T05:06:44.794+00:00,male,2026-01-16T21:28:48.915+00:00,consequuntur co,41727 The Mews
C008,Julia Abbott,Israel D'Amore,Juana_Weber@yahoo.com,vip,suspended,2025-10-18T15:03:57.341+00:00,male,2026-03-03T20:28:24.047+00:00,arcesso pauci,7381 Beier Mission
C009,Ernest Hagenes II,Ted Predovic,Nicklaus69@gmail.com,premium,suspended,2025-05-02T05:45:18.767+00:00,female,2025-06-17T03:58:00.498+00:00,solvo ad aegrus,993 Travon Field
C010,Ms. Isabel Bogan,Kendra Conn,Cyril_Christiansen28@gmail.com,vip,suspended,2025-07-01T03:48:05.077+00:00,female,2025-09-17T17:18:16.463+00:00,articulus,97174 Hintz Valleys
C011,Antonia Kunde-Spinka DDS,Rodney Willms,Landen.Brakus@gmail.com,vip,active,2025-10-08T14:00:11.632+00:00,other,2025-12-29T02:19:27.440+00:00,crux,827 Yost Mall
C012,Leigh Zieme,Cindy Heaney,Marjorie_Okuneva@gmail.com,vip,inactive,2025-09-23T06:44:25.537+00:00,other,2025-12-30T11:35:28.667+00:00,desidero utor b,39045 Hall Street
C013,Rachael Romaguera,Daniel Jenkins,Lela23@gmail.com,basic,inactive,2025-07-31T22:12:14.418+00:00,female,2026-03-08T03:38:43.573+00:00,pecco tergeo vi,55996 Dwight Expressway
C014,Cassandra Doyle,Latoya Sporer,Velda80@yahoo.com,premium,suspended,2025-08-19T14:38:55.242+00:00,male,2025-05-12T23:26:31.557+00:00,pauci vos casus,43743 Windermere Road
C015,Herbert Maggio,Toni Hammes,Gilda_Davis32@gmail.com,premium,suspended,2025-09-03T04:58:59.949+00:00,male,2025-09-01T06:39:18.175+00:00,vomito id digni,3347 Duncan Centers
C016,Maria Kuhlman,Sadie Batz,Agnes.Dickens@yahoo.com,basic,inactive,2026-02-21T13:14:25.351+00:00,other,2025-04-22T16:51:08.344+00:00,cedo altus cura,77957 Malachi Shores
C017,Glenn Ortiz,Olga Reynolds,Julien.Crona95@yahoo.com,basic,inactive,2025-09-26T00:45:54.016+00:00,male,2025-11-19T11:42:51.950+00:00,delicate volunt,1907 Stuart Valley
C018,Jay Kutch,Bert Price,Eliseo.Pollich29@hotmail.com,vip,inactive,2025-08-01T01:46:23.621+00:00,female,2025-11-10T08:12:46.857+00:00,verbera cribro,169 Hahn Islands
C019,Fannie Hahn,Kenneth Ziemann,Cleora_Goodwin79@hotmail.com,premium,suspended,2025-10-05T03:59:12.187+00:00,other,2025-08-14T20:43:51.204+00:00,territo suppell,8837 Lehner Common
C020,James Cormier-Dare Jr.,Dr. Donna Ritchie,Nathan77@hotmail.com,vip,inactive,2025-12-12T14:37:10.218+00:00,female,2026-02-27T14:35:11.849+00:00,thymum,57317 Otha Orchard
C021,Earnest Huel,Tamara Huels,Bud65@yahoo.com,premium,inactive,2025-12-22T14:57:01.182+00:00,male,2025-04-29T09:10:31.844+00:00,magni iusto age,301 Windmill Lane
C022,Bobby Batz Jr.,Vanessa Skiles I,Nora.Langworth95@hotmail.com,premium,suspended,2025-12-01T08:59:46.217+00:00,other,2025-12-09T06:46:53.454+00:00,solvo decor cel,649 Payton Junctions
C023,Forrest Willms MD,Dr. Linda Stanton Jr.,Wilford.Hudson@yahoo.com,basic,suspended,2025-06-30T01:38:56.244+00:00,male,2025-05-29T19:04:00.771+00:00,nisi aegre cupp,750 Clement Bridge
C024,Rufus Parker,Marianne Aufderhar-Satterfield PhD,Christopher96@hotmail.com,premium,inactive,2025-04-05T04:38:32.470+00:00,male,2025-08-17T22:52:59.198+00:00,conatus amiculu,39292 W Union Street
C025,Brenda Waters,Hannah Homenick,Heather_Dooley@gmail.com,premium,inactive,2025-04-30T14:15:59.728+00:00,female,2025-04-28T12:57:40.057+00:00,baiulus adflict,6021 Krajcik Harbor
C026,Greg Runte,Dr. Marco Torp,Maurice_Davis@gmail.com,basic,suspended,2026-03-08T17:36:56.846+00:00,other,2026-02-08T21:31:10.216+00:00,ambitus suspend,5239 Ivory Circle
C027,Heidi Schamberger Jr.,Manuel McDermott,Maud16@yahoo.com,premium,suspended,2025-09-05T09:35:42.121+00:00,male,2025-04-16T17:43:37.520+00:00,placeat tibi,8080 Jackson Street
C028,Beatrice Schowalter,Shelly Jerde,Jasper_Bogisich@hotmail.com,premium,inactive,2025-11-27T09:26:20.865+00:00,female,2026-01-18T11:21:45.714+00:00,vulgus depromo ,15373 Milo Fall
C029,Delores Schamberger-Cassin,Calvin Sipes,Alphonso.Bogan@yahoo.com,vip,active,2025-09-10T21:02:52.879+00:00,female,2026-01-10T00:16:26.202+00:00,terra nihil,74404 Heidenreich Shoal
C030,Trevor Hagenes,Roberta Oberbrunner,Barry78@gmail.com,vip,suspended,2026-02-05T21:24:48.713+00:00,other,2025-05-22T13:27:24.729+00:00,despecto magnam,554 Howard Road
C031,Neal Turner,Jan Cole,Meghan13@hotmail.com,premium,inactive,2026-02-27T09:37:58.152+00:00,male,2025-07-18T23:43:08.480+00:00,conspergo,4811 Tod Cliff
C032,Ernest Schaefer,Orville Deckow,Lyric65@hotmail.com,premium,suspended,2025-07-09T23:17:12.290+00:00,female,2025-07-22T06:13:02.739+00:00,tibi vis debeo ,3060 Jenkins Isle
C033,Cheryl Bayer,Garry Ernser,Krystal71@yahoo.com,vip,active,2025-09-18T02:14:26.888+00:00,male,2026-01-09T21:00:14.926+00:00,dolorum decet,5096 E 9th Street
C034,Claire Marvin,Mr. Rodolfo Russel,Nedra39@hotmail.com,premium,inactive,2025-11-27T05:12:02.415+00:00,male,2025-05-10T13:57:32.777+00:00,degenero,17563 Bradley Unions
C035,Randy Gulgowski,Dennis Hyatt,Jeramie90@hotmail.com,basic,active,2025-11-12T22:52:54.533+00:00,other,2025-06-03T06:37:51.797+00:00,corrumpo desino,2580 Kuhn Passage
C036,Guadalupe Hessel,Kristin Murphy,Audra38@hotmail.com,vip,inactive,2025-04-20T12:42:55.238+00:00,other,2025-11-05T22:54:19.432+00:00,color,32099 S 1st Street
C037,Brittany Conroy,Mrs. Blanca Barrows,Myrtice43@hotmail.com,premium,active,2025-12-01T21:19:12.564+00:00,female,2026-03-05T19:53:09.580+00:00,terga uxor alo ,29398 Kertzmann Alley
C038,Dr. Joe Goodwin,Miss Ethel Hessel,Annabelle.Cummerata41@hotmail.com,basic,active,2025-12-04T07:52:48.321+00:00,female,2025-08-06T05:30:49.217+00:00,spoliatio angus,5851 S East Street
C039,Rosemarie Olson,Bobby Schuster DVM,Susan43@yahoo.com,basic,suspended,2025-10-08T04:11:11.475+00:00,other,2026-01-16T20:11:19.923+00:00,conduco ventito,5523 Koch Heights
C040,Natasha Klein V,Jodi White,Destin49@hotmail.com,basic,active,2026-01-25T16:53:39.731+00:00,male,2025-09-11T15:56:58.467+00:00,turpis clam arg,60935 Luther Causeway
C041,Emanuel Adams,Terrell Murray,Wilber35@hotmail.com,basic,inactive,2026-02-15T03:56:25.554+00:00,male,2025-11-12T21:22:22.566+00:00,defleo,41408 Dusty Centers
C042,Ms. Alyssa Orn,Mr. Salvador Weber,Antonia.Bins87@hotmail.com,premium,suspended,2025-05-28T14:19:54.180+00:00,other,2026-01-25T21:13:10.015+00:00,defluo tabula s,5362 Franz Via
C043,Jerald Lehner DVM,Miss Pearl Friesen,Hilbert.Wisozk40@yahoo.com,vip,inactive,2025-10-12T05:49:51.793+00:00,other,2025-08-16T06:28:00.460+00:00,cognatus artifi,724 E Main
C044,Elisa Graham,Sylvia Littel,Oswaldo_McDermott-Langworth@hotmail.com,premium,active,2025-12-01T17:08:32.332+00:00,female,2025-11-28T19:04:01.072+00:00,ustulo adicio d,9606 Central Street
C045,Gail Ryan,Josh Hauck,Cristina72@yahoo.com,basic,active,2025-10-23T03:05:12.492+00:00,other,2025-05-11T19:39:00.403+00:00,summisse temper,84351 Stefan Islands
C046,Everett Leffler,Delia Pfannerstill,Gaetano_Pouros21@gmail.com,vip,inactive,2025-11-11T21:18:10.602+00:00,female,2026-01-25T19:05:10.430+00:00,bardus crinis t,16977 S Washington Avenue
C047,Robert Dicki,Alexandra O'Conner,Dante77@yahoo.com,premium,active,2025-12-19T14:13:50.779+00:00,female,2026-01-31T00:58:53.958+00:00,iure abeo tergo,6234 Mohr Row
C048,Marjorie Hills,Laurie Lindgren,Elvera_Kutch43@yahoo.com,premium,suspended,2025-10-25T14:43:41.314+00:00,male,2025-09-30T01:42:37.199+00:00,arma advoco tra,432 Main Road
C049,Olive Frami,Alice Fay,Eulalia_Hessel@gmail.com,basic,inactive,2025-09-10T14:20:52.004+00:00,other,2026-02-12T17:11:40.724+00:00,cum nihil ceno ,415 Carter Field
C050,Lorene Lockman I,Bryant Schaden,Richard.Kiehn4@yahoo.com,basic,active,2026-02-06T12:01:30.335+00:00,male,2025-07-16T19:52:11.824+00:00,decumbo cimenta,2574 Estevan Spurs
C051,Jerald Marks,Michele Bogan,Abbey47@yahoo.com,basic,active,2025-08-30T08:46:11.051+00:00,other,2025-05-02T05:28:27.432+00:00,tripudio infit ,36506 Beechwood Avenue
C052,Ed Boehm,Miss Lela Parker,Grace_Ruecker5@hotmail.com,basic,suspended,2025-07-25T15:38:52.404+00:00,male,2025-10-21T12:24:43.273+00:00,tribuo,25604 Braeden Lake
C053,Christian Oberbrunner,Bobbie Gusikowski,Cristal_Anderson15@hotmail.com,basic,suspended,2026-01-22T06:43:30.275+00:00,other,2025-07-08T10:54:43.708+00:00,delego statua s,929 Schowalter Lock
C054,Marian Hane,Carmen Bayer,Zaria_Dicki@hotmail.com,basic,active,2026-02-27T02:44:19.784+00:00,other,2026-02-15T17:05:10.807+00:00,clarus cohors t,1712 S 9th Street
C055,Elvira Hintz,Darrell Haley,Litzy74@yahoo.com,vip,active,2025-04-08T05:46:37.108+00:00,female,2025-12-13T03:34:11.650+00:00,cribro expedita,9648 White Mews
C056,Sally Weber,Oliver Wolff,Sally.Thompson@yahoo.com,premium,active,2025-08-05T23:37:30.532+00:00,male,2025-08-26T07:57:54.848+00:00,universe vocife,369 11th Street
C057,Josh Von,Teresa Becker,Hortense_Harvey@hotmail.com,premium,active,2025-05-18T21:34:40.565+00:00,male,2025-10-24T17:25:05.951+00:00,tredecim,1814 Murazik Wall
C058,Katie Rosenbaum,Doreen Rodriguez,Katlynn42@hotmail.com,vip,suspended,2025-03-23T00:24:38.052+00:00,other,2025-09-27T12:54:53.817+00:00,possimus celebr,23983 S Monroe Street
C059,Francis Lemke,Henrietta Miller,Sean26@yahoo.com,basic,suspended,2025-04-21T05:50:00.714+00:00,male,2025-05-10T11:03:53.637+00:00,curia ulciscor ,5659 Anderson Centers
C060,Vernon Wilderman-Treutel,Verna Kiehn DVM,Elna_Graham@hotmail.com,premium,suspended,2026-03-07T16:27:58.751+00:00,female,2026-01-30T06:23:54.086+00:00,optio,383 Lesch Park
C061,Johnathan Dibbert,Victor West,Kenyatta34@yahoo.com,premium,suspended,2025-08-09T22:59:26.215+00:00,female,2025-11-06T19:16:28.630+00:00,doloremque tran,34052 Berta Cliff
C062,Frankie Rice MD,Kelli Huel,Maddison20@gmail.com,vip,suspended,2026-02-16T21:03:31.819+00:00,female,2025-11-23T02:07:16.815+00:00,carbo sursum de,32092 State Street
C063,Manuel Hoppe,Flora Kilback,Macy91@hotmail.com,basic,suspended,2025-04-27T04:57:14.572+00:00,other,2025-07-09T18:58:25.795+00:00,quo,2277 Tanner Ridge
C064,Barbara Lind,Ramiro Reichel-Schulist,Elinor_Braun@yahoo.com,vip,inactive,2025-09-30T17:06:30.323+00:00,female,2026-01-28T19:26:55.081+00:00,territo audacia,596 Honeysuckle Close
C065,Jessie Legros,Karla Johnston-Durgan,Darryl.Boehm37@yahoo.com,vip,inactive,2025-07-11T00:02:45.457+00:00,female,2025-08-06T16:26:56.013+00:00,valde abbas ear,4473 Kozey Center
C066,Stephen Streich,Lora Monahan,Dandre_Von@yahoo.com,premium,inactive,2025-07-19T11:12:43.002+00:00,female,2025-11-21T11:25:56.359+00:00,sopor,307 E 14th Street
C067,Margaret Moore,Henry Bosco,Noemie10@yahoo.com,premium,inactive,2026-01-31T02:13:26.500+00:00,female,2025-07-31T04:48:02.323+00:00,trucido vigilo ,703 Erika Place
C068,Leticia Hills,Agnes Reichert,Lilliana_MacGyver56@gmail.com,premium,suspended,2025-09-02T00:36:28.367+00:00,female,2026-01-30T17:51:15.233+00:00,cedo aegrus,68609 Gladys Row
C069,Cecilia Goldner,Clayton Ziemann,Isobel.Hammes@hotmail.com,vip,suspended,2025-05-09T03:30:00.099+00:00,other,2025-04-13T05:13:50.652+00:00,carcer undique,4702 Koby Valleys
C070,Mandy Schaden,Casey Moore,Flavio_Borer72@gmail.com,vip,inactive,2025-06-25T00:57:18.178+00:00,male,2025-11-29T01:23:47.899+00:00,vesica carmen a,206 Ada Path
C071,Emily Jacobs,Cynthia Emard,Manuel72@hotmail.com,vip,suspended,2025-04-03T01:27:41.732+00:00,male,2025-12-18T14:58:09.276+00:00,dolores talio s,66457 Cremin Station
C072,Mr. Travis O'Hara II,Clay O'Conner,Mary.McGlynn@yahoo.com,vip,active,2025-12-31T06:59:04.580+00:00,female,2025-10-01T07:36:11.603+00:00,conor veritas t,93012 Charles Street
C073,Glen Willms,Willie Brown II,Esperanza_Jones57@yahoo.com,vip,suspended,2025-06-11T00:29:32.835+00:00,other,2025-07-23T19:55:05.649+00:00,cohibeo,9566 Commerce Street
C074,Jean Botsford,Kara Hammes,Hannah81@hotmail.com,vip,suspended,2025-12-17T13:59:40.045+00:00,other,2025-09-14T06:32:28.112+00:00,qui aptus,435 7th Avenue
C075,Krystal Lueilwitz,Joe Wuckert III,Melvin6@gmail.com,vip,active,2025-08-16T07:26:21.593+00:00,other,2025-12-16T23:31:34.194+00:00,amitto suppelle,146 Becker Junctions
